year,month,pet,ppt,srad,tmax,tmin,vap,vpd,ws
1958,1,0.3,85.9,67.4,2.35,-6.04,0.557,0.00,2.10
1958,2,1.0,108.3,96.4,4.42,-6.76,0.536,0.07,2.26
1958,3,2.1,161.8,124.4,3.76,-5.92,0.478,0.12,2.44
1958,4,59.2,171.3,177.4,9.23,-1.93,0.532,0.32,2.68
1958,5,103.7,39.8,249.8,17.73,4.51,0.883,0.56,2.17
1958,6,115.3,114.7,258.0,19.79,6.47,0.984,0.66,1.81
1958,7,118.4,119.3,253.9,20.41,8.73,1.164,0.60,2.00
1958,8,114.4,75.4,239.3,21.87,9.34,1.199,0.71,2.04
1958,9,79.8,121.1,179.9,16.83,4.82,0.815,0.58,1.82
1958,10,62.2,67.2,128.0,12.54,0.71,0.504,0.55,2.47
1958,11,15.7,66.6,75.7,5.25,-3.76,0.266,0.41,2.64
1958,12,0.0,91.0,63.4,2.60,-8.48,0.255,0.28,1.92
1959,1,0.4,81.4,69.9,3.52,-7.16,0.513,0.06,0.90
1959,2,0.0,140.7,98.3,-3.28,-12.53,0.052,0.31,1.83
1959,3,0.0,83.6,137.1,0.84,-8.09,0.274,0.22,1.76
1959,4,65.0,92.3,182.0,11.69,-1.48,0.532,0.43,2.19
1959,5,84.0,108.7,217.8,14.67,3.61,0.901,0.33,1.74
1959,6,110.6,93.1,255.9,18.56,6.20,0.936,0.61,1.87
1959,7,126.1,103.3,258.1,23.05,10.53,1.260,0.79,1.88
1959,8,111.0,141.1,223.8,21.88,9.84,1.189,0.74,1.74
1959,9,80.5,167.9,172.3,15.68,3.40,0.643,0.64,1.82
1959,10,53.8,100.3,118.5,9.77,-1.44,0.341,0.54,1.80
1959,11,15.2,104.4,67.0,4.48,-1.83,0.464,0.23,2.36
1959,12,0.0,98.8,61.2,1.28,-7.50,0.234,0.28,1.89
1960,1,0.0,125.9,63.6,2.81,-6.87,0.524,0.03,1.55
1960,2,0.0,125.4,90.3,1.71,-8.69,0.415,0.09,1.82
1960,3,0.0,66.5,140.6,0.89,-8.20,0.256,0.24,1.97
1960,4,52.6,104.5,166.7,8.41,-1.80,0.524,0.30,2.42
1960,5,92.5,94.0,229.6,15.46,3.27,0.779,0.49,1.90
1960,6,107.1,114.6,256.1,18.88,7.25,1.106,0.50,1.65
1960,7,124.5,113.8,272.4,21.79,9.48,1.334,0.57,1.94
1960,8,109.1,142.0,233.8,20.55,8.21,1.126,0.63,1.73
1960,9,77.9,50.3,189.8,17.96,5.86,1.013,0.48,1.76
1960,10,57.1,67.3,132.0,16.29,2.68,0.772,0.53,1.93
1960,11,25.3,79.2,79.5,8.92,-0.41,0.656,0.21,1.64
1960,12,5.3,78.1,63.4,6.09,-4.86,0.544,0.14,1.52
1961,1,0.0,97.8,71.3,0.97,-9.28,0.278,0.20,1.55
1961,2,0.0,33.5,101.2,2.00,-7.69,0.372,0.15,1.87
1961,3,1.6,130.3,136.5,3.60,-7.11,0.334,0.24,2.09
1961,4,68.1,88.6,185.2,11.69,-1.28,0.531,0.44,2.36
1961,5,99.1,128.6,231.7,17.63,4.50,0.890,0.54,2.06
1961,6,115.4,107.5,264.0,20.63,8.47,1.219,0.56,1.90
1961,7,118.2,156.0,249.7,21.35,9.52,1.252,0.62,1.57
1961,8,122.4,45.7,237.6,22.78,9.83,1.085,0.92,2.15
1961,9,84.0,118.6,176.2,16.73,4.84,0.713,0.67,1.96
1961,10,56.7,48.0,125.1,12.71,2.04,0.582,0.51,2.12
1961,11,18.5,137.5,70.8,7.70,-1.19,0.710,0.10,1.55
1961,12,2.7,98.4,60.6,4.84,-3.73,0.745,0.00,2.02
1962,1,0.0,68.6,72.8,1.47,-8.53,0.347,0.16,1.41
1962,2,0.6,78.1,96.5,2.54,-6.13,0.529,0.03,1.97
1962,3,27.6,86.0,141.5,8.16,-4.06,0.670,0.10,2.55
1962,4,60.5,75.4,168.4,10.28,-1.13,0.582,0.33,2.24
1962,5,99.7,97.7,230.5,17.11,3.77,0.782,0.60,2.01
1962,6,123.3,105.0,268.5,20.30,7.20,0.922,0.78,2.05
1962,7,127.2,74.7,260.2,23.67,11.16,1.397,0.74,1.84
1962,8,122.4,105.5,237.4,23.43,10.40,1.190,0.89,1.95
1962,9,90.3,103.4,189.0,20.54,5.79,0.911,0.76,1.88
1962,10,57.8,120.1,127.6,14.68,1.67,0.619,0.56,1.74
1962,11,21.0,39.5,74.1,8.60,0.20,0.741,0.13,1.72
1962,12,1.5,147.9,57.8,3.72,-4.40,0.580,0.04,2.10
1963,1,0.0,142.5,64.3,1.83,-6.33,0.594,0.00,1.68
1963,2,1.1,83.0,98.3,3.55,-5.07,0.649,0.00,2.15
1963,3,0.0,110.1,143.9,2.28,-8.29,0.295,0.23,2.31
1963,4,46.4,137.2,166.5,8.60,-1.08,0.677,0.17,2.19
1963,5,77.0,114.7,191.9,14.20,4.22,0.866,0.36,1.85
1963,6,104.8,145.7,250.1,18.11,6.26,1.019,0.50,1.78
1963,7,107.3,187.5,233.5,21.55,10.51,1.449,0.48,1.62
1963,8,112.9,78.9,226.1,21.94,9.68,1.200,0.73,2.08
1963,9,80.3,90.7,182.2,19.98,6.75,1.133,0.53,1.84
1963,10,52.0,102.4,122.7,13.89,2.65,0.748,0.42,1.77
1963,11,26.0,106.7,81.5,7.79,-2.89,0.454,0.32,1.59
1963,12,0.0,152.1,64.7,1.64,-7.45,0.251,0.27,2.35
1964,1,0.0,86.2,79.3,-3.46,-12.95,0.010,0.34,1.74
1964,2,0.0,42.9,100.4,0.45,-8.34,0.274,0.21,1.68
1964,3,1.2,76.3,131.2,2.61,-6.17,0.466,0.10,1.95
1964,4,64.7,90.5,185.9,9.67,-1.84,0.467,0.40,2.36
1964,5,84.7,144.1,215.2,14.55,2.89,0.822,0.39,1.98
1964,6,109.9,88.8,260.1,20.69,8.60,1.281,0.50,1.67
1964,7,117.9,77.7,238.7,21.73,9.06,1.187,0.70,1.77
1964,8,107.0,138.3,223.1,20.40,7.56,1.067,0.66,1.84
1964,9,76.5,102.0,172.8,18.63,6.50,1.027,0.54,1.93
1964,10,65.5,62.2,132.9,14.32,0.51,0.488,0.65,2.14
1964,11,26.7,143.8,79.2,7.01,-2.72,0.374,0.38,1.74
1964,12,0.0,65.4,65.7,2.51,-6.63,0.238,0.32,2.26
1965,1,0.0,34.0,77.4,-0.32,-9.55,0.142,0.31,1.86
1965,2,0.0,98.9,102.2,0.65,-9.27,0.180,0.29,2.24
1965,3,2.5,86.6,138.0,4.33,-6.09,0.488,0.12,2.09
1965,4,56.6,101.0,186.1,7.93,-3.23,0.385,0.39,2.63
1965,5,100.0,71.4,234.5,16.67,3.21,0.713,0.62,2.08
1965,6,113.1,138.9,257.8,20.15,7.37,1.078,0.62,1.75
1965,7,118.8,72.8,251.1,21.93,10.26,1.333,0.61,1.69
1965,8,115.6,64.2,228.5,22.25,9.79,1.181,0.77,2.11
1965,9,92.2,52.4,183.8,19.41,5.85,0.791,0.80,2.19
1965,10,58.0,135.7,123.7,10.36,-0.60,0.370,0.55,1.88
1965,11,33.5,86.7,82.3,7.85,-2.95,0.338,0.44,2.28
1965,12,5.7,80.7,65.5,5.26,-4.41,0.478,0.19,2.48
1966,1,4.0,84.3,68.6,5.04,-3.18,0.826,0.00,2.05
1966,2,9.0,54.4,97.9,6.45,-3.86,0.853,0.00,2.04
1966,3,18.2,69.2,137.8,6.38,-4.11,0.603,0.10,2.46
1966,4,56.3,111.7,175.4,12.06,0.88,0.820,0.21,2.35
1966,5,95.3,114.2,224.4,15.40,3.65,0.790,0.49,2.30
1966,6,109.0,145.9,258.1,18.47,6.66,1.039,0.52,2.04
1966,7,121.5,126.5,252.3,24.07,11.25,1.452,0.72,1.53
1966,8,118.0,153.4,233.3,24.00,11.05,1.391,0.77,1.87
1966,9,83.5,82.1,179.9,18.40,5.88,0.930,0.60,1.96
1966,10,62.6,10.8,134.9,16.76,3.21,0.712,0.63,2.07
1966,11,30.5,16.4,82.0,10.65,0.74,0.680,0.29,2.10
1966,12,3.7,105.1,58.5,4.81,-3.27,0.738,0.00,2.19
1967,1,0.0,109.5,73.3,1.69,-7.81,0.380,0.14,1.47
1967,2,0.0,44.6,107.9,-1.93,-11.73,0.052,0.34,1.70
1967,3,0.0,57.4,137.0,1.68,-6.90,0.350,0.18,1.76
1967,4,65.2,97.5,175.6,10.14,-2.28,0.426,0.46,2.31
1967,5,98.2,88.5,230.6,17.15,4.55,0.798,0.61,1.81
1967,6,106.2,133.4,234.7,17.67,5.41,0.844,0.62,1.95
1967,7,106.1,133.4,231.2,20.02,9.17,1.180,0.58,1.41
1967,8,98.1,153.5,211.7,21.20,10.20,1.361,0.53,1.46
1967,9,77.5,109.2,172.5,17.55,5.74,0.900,0.57,1.72
1967,10,51.7,53.9,130.4,15.51,3.05,0.766,0.50,1.46
1967,11,20.8,116.4,74.7,7.11,-0.79,0.662,0.13,1.46
1967,12,0.8,227.6,60.5,2.74,-6.27,0.371,0.19,2.13
1968,1,0.0,174.6,72.2,0.15,-9.40,0.206,0.25,1.59
1968,2,0.0,121.7,97.2,1.19,-8.35,0.306,0.19,1.69
1968,3,2.2,95.2,153.2,4.05,-6.88,0.295,0.30,2.13
1968,4,64.0,90.8,182.4,11.28,-0.66,0.556,0.41,1.93
1968,5,95.7,50.5,225.7,18.40,6.25,0.990,0.55,1.56
1968,6,112.0,119.3,249.8,18.30,6.10,0.878,0.65,1.72
1968,7,124.5,88.9,254.3,22.19,9.16,1.065,0.86,1.72
1968,8,106.5,109.1,221.1,21.10,8.96,1.143,0.69,1.62
1968,9,82.7,129.8,182.9,20.86,7.12,1.054,0.69,1.61
1968,10,47.4,148.7,121.8,13.54,3.71,0.854,0.32,1.48
1968,11,18.8,28.9,77.0,7.78,0.29,0.764,0.08,1.12
1968,12,0.0,102.1,61.5,1.61,-6.46,0.306,0.23,1.77
1969,1,0.0,36.2,75.8,-2.50,-10.52,0.101,0.29,1.88
1969,2,0.0,58.8,97.2,-2.49,-11.59,0.031,0.35,2.19
1969,3,0.0,82.9,136.1,1.12,-7.00,0.363,0.15,1.83
1969,4,62.0,89.0,185.6,9.13,-1.90,0.452,0.40,2.20
1969,5,95.4,66.2,233.7,15.87,3.61,0.755,0.55,1.73
1969,6,125.6,110.1,270.6,22.29,7.85,0.982,0.90,1.73
1969,7,124.2,85.7,251.9,20.52,8.38,1.008,0.76,1.93
1969,8,114.5,61.5,228.6,22.89,9.54,1.087,0.91,1.70
1969,9,83.3,109.7,182.5,18.79,5.65,0.793,0.75,1.47
1969,10,55.0,141.3,123.6,11.83,0.61,0.440,0.58,1.56
1969,11,27.4,51.9,81.9,8.25,-2.92,0.342,0.45,1.30
1969,12,2.0,97.6,59.2,4.08,-3.88,0.610,0.03,1.77
1970,1,0.0,66.8,69.1,1.27,-6.85,0.416,0.10,1.28
1970,2,1.3,128.8,90.9,4.06,-5.17,0.630,0.00,1.95
1970,3,13.8,70.3,137.9,5.40,-3.93,0.525,0.15,1.96
1970,4,71.8,78.0,191.4,14.17,0.46,0.682,0.45,2.10
1970,5,97.7,111.0,221.3,16.37,4.22,0.784,0.56,1.95
1970,6,112.2,86.6,253.4,18.47,6.80,0.925,0.64,1.98
1970,7,128.9,100.5,256.0,23.69,10.36,1.148,0.95,1.73
1970,8,107.0,174.0,216.3,20.76,9.44,1.136,0.69,1.74
1970,9,80.0,112.3,177.1,17.84,5.63,0.827,0.66,1.65
1970,10,56.5,146.4,120.5,11.93,0.42,0.434,0.58,1.75
1970,11,23.4,79.9,79.3,8.43,-0.94,0.588,0.25,1.41
1970,12,0.0,118.3,60.0,0.73,-6.64,0.306,0.20,1.68
1971,1,0.0,29.0,76.3,2.82,-8.79,0.268,0.27,1.58
1971,2,0.0,114.3,100.5,0.40,-7.90,0.284,0.20,2.11
1971,3,13.7,120.6,134.8,5.73,-4.06,0.551,0.14,1.98
1971,4,63.9,64.7,176.3,9.49,-1.77,0.462,0.40,2.21
1971,5,88.9,88.9,223.7,16.42,4.77,0.945,0.42,1.65
1971,6,109.7,150.4,247.1,18.44,6.44,0.931,0.62,1.91
1971,7,125.7,32.7,257.4,23.69,10.74,1.285,0.83,1.63
1971,8,110.2,122.1,214.3,22.43,10.29,1.198,0.79,1.72
1971,9,79.0,82.0,181.8,21.75,8.96,1.402,0.48,1.60
1971,10,56.6,114.0,123.2,12.70,0.86,0.527,0.54,1.54
1971,11,23.5,101.7,74.7,8.20,-1.66,0.522,0.29,1.16
1971,12,0.0,206.2,60.7,1.32,-6.51,0.357,0.17,1.48
1972,1,0.0,72.4,77.0,-5.31,-14.65,0.000,0.31,1.42
1972,2,0.0,24.0,105.9,-2.25,-11.76,0.063,0.32,1.67
1972,3,0.0,77.1,148.0,1.34,-8.02,0.241,0.27,1.92
1972,4,66.3,92.5,189.2,14.51,0.96,0.753,0.40,2.11
1972,5,89.3,98.0,207.3,15.76,4.50,0.834,0.49,1.59
1972,6,112.5,122.7,254.0,20.92,8.70,1.158,0.65,1.53
1972,7,121.5,83.3,243.1,23.44,11.16,1.348,0.77,1.58
1972,8,122.2,99.0,232.8,24.88,10.96,1.207,1.03,1.67
1972,9,73.4,153.0,165.8,18.34,6.86,1.113,0.44,1.44
1972,10,41.3,116.0,117.9,15.17,4.95,1.101,0.20,1.14
1972,11,25.0,86.3,76.4,7.88,-2.34,0.495,0.30,1.18
1972,12,0.0,90.1,65.1,0.20,-8.55,0.147,0.32,2.01
1973,1,0.0,66.5,72.7,-2.54,-11.43,0.091,0.29,1.57
1973,2,1.0,86.2,100.4,4.05,-5.79,0.566,0.04,1.96
1973,3,2.3,84.0,143.8,3.81,-6.31,0.349,0.25,1.92
1973,4,60.4,92.4,174.0,10.13,-0.48,0.566,0.35,2.21
1973,5,98.6,61.2,232.4,15.72,3.43,0.695,0.59,1.90
1973,6,104.9,137.9,243.5,17.58,6.72,0.944,0.56,1.86
1973,7,115.7,102.3,247.4,21.42,9.32,1.214,0.65,1.57
1973,8,104.1,51.8,208.5,20.50,9.49,1.107,0.70,1.87
1973,9,86.8,44.5,177.6,17.68,4.78,0.719,0.73,2.15
1973,10,53.0,83.4,126.4,14.78,2.97,0.735,0.49,1.77
1973,11,5.7,135.0,78.4,4.59,-4.46,0.326,0.32,1.42
1973,12,0.0,146.8,64.7,1.17,-9.18,0.191,0.30,2.53
1974,1,0.0,37.3,72.7,-2.67,-10.35,0.050,0.34,1.57
1974,2,0.0,12.9,100.4,0.18,-8.91,0.169,0.30,1.96
1974,3,2.9,47.7,143.8,3.33,-5.09,0.369,0.23,1.92
1974,4,57.7,116.7,174.0,7.82,-2.68,0.348,0.44,2.21
1974,5,92.6,124.6,232.4,15.91,3.87,0.827,0.48,1.90
1974,6,107.9,76.6,243.5,19.55,7.14,1.055,0.59,1.86
1974,7,117.8,101.0,247.4,21.13,8.87,1.128,0.70,1.57
1974,8,107.9,119.1,208.5,21.41,8.99,1.030,0.83,1.87
1974,9,87.8,103.1,177.6,17.75,5.74,0.727,0.75,2.15
1974,10,57.4,18.2,126.4,18.46,4.71,0.868,0.63,1.77
1974,11,26.5,89.0,79.5,7.77,-1.27,0.574,0.24,1.51
1974,12,1.0,94.1,65.3,2.78,-4.87,0.464,0.12,2.00
1975,1,0.0,84.0,76.0,1.17,-8.44,0.272,0.22,1.68
1975,2,0.0,135.5,107.9,-0.80,-8.35,0.222,0.23,2.09
1975,3,1.6,104.8,140.2,3.66,-6.97,0.376,0.20,2.60
1975,4,71.7,88.6,182.6,15.12,1.51,0.736,0.47,2.62
1975,5,94.0,97.8,220.3,16.76,4.68,0.943,0.44,2.02
1975,6,118.7,122.5,264.2,22.11,9.21,1.293,0.63,1.93
1975,7,120.8,105.0,238.4,23.82,11.17,1.470,0.68,1.92
1975,8,117.4,62.7,226.0,23.11,9.89,1.202,0.83,1.97
1975,9,81.3,100.8,166.4,19.47,6.46,0.902,0.72,1.67
1975,10,53.1,151.8,141.7,11.79,1.98,0.638,0.41,1.75
1975,11,17.3,56.6,79.9,5.42,-2.63,0.381,0.32,1.59
1975,12,0.0,80.6,60.0,1.32,-8.23,0.182,0.32,2.04
1976,1,0.0,194.4,74.0,0.54,-9.51,0.229,0.24,1.78
1976,2,0.0,73.7,94.9,-4.22,-13.11,0.052,0.28,1.99
1976,3,0.0,57.5,142.0,0.59,-7.68,0.277,0.22,2.18
1976,4,66.8,81.7,187.6,11.85,-0.40,0.572,0.42,2.46
1976,5,84.7,129.5,216.3,13.73,3.26,0.805,0.37,1.69
1976,6,107.6,109.2,251.9,18.40,6.24,0.952,0.59,1.80
1976,7,118.0,88.4,246.2,21.33,8.47,1.077,0.75,1.62
1976,8,108.8,85.8,233.8,21.24,10.61,1.280,0.63,1.72
1976,9,81.1,101.8,174.4,18.32,5.73,0.855,0.66,1.72
1976,10,48.5,112.9,111.0,10.85,0.75,0.577,0.40,1.75
1976,11,35.6,29.2,80.1,7.74,-2.15,0.359,0.43,2.33
1976,12,2.0,47.2,66.1,3.48,-4.70,0.385,0.23,1.92
1977,1,0.0,34.3,71.3,-3.40,-12.26,0.030,0.33,1.63
1977,2,2.1,50.4,108.8,5.08,-5.26,0.635,0.01,1.69
1977,3,5.3,99.8,156.3,4.44,-4.77,0.562,0.07,1.96
1977,4,68.9,85.7,193.9,12.37,-0.12,0.599,0.43,2.01
1977,5,88.8,108.5,204.5,16.08,4.07,0.812,0.51,1.71
1977,6,112.5,118.9,267.7,19.03,7.51,1.100,0.52,1.78
1977,7,123.8,113.5,263.8,21.42,9.49,1.209,0.67,1.84
1977,8,110.0,189.1,224.8,22.19,9.41,1.210,0.72,1.77
1977,9,81.6,110.7,185.5,18.53,6.15,0.930,0.61,1.66
1977,10,56.4,127.0,110.3,10.39,-1.65,0.384,0.52,2.00
1977,11,24.1,54.4,84.8,8.60,-1.66,0.552,0.28,1.63
1977,12,0.0,77.4,64.0,0.34,-8.71,0.243,0.23,2.26
1978,1,0.0,84.8,76.8,0.42,-8.40,0.298,0.18,2.01
1978,2,1.5,100.2,98.0,3.64,-5.35,0.481,0.12,2.10
1978,3,17.2,87.2,136.7,6.41,-3.93,0.661,0.05,1.97
1978,4,62.0,210.2,188.4,9.01,-1.58,0.523,0.33,2.28
1978,5,91.7,82.7,217.4,14.82,2.52,0.669,0.54,1.94
1978,6,110.3,123.9,254.6,17.72,5.21,0.795,0.67,1.79
1978,7,116.4,36.4,243.8,22.01,9.81,1.212,0.72,1.66
1978,8,107.5,163.4,230.0,19.83,8.55,1.113,0.61,1.85
1978,9,79.3,74.8,174.5,20.31,6.45,0.982,0.70,1.52
1978,10,52.7,102.3,131.6,14.86,2.09,0.754,0.45,1.53
1978,11,9.1,76.9,82.8,5.14,-4.20,0.266,0.40,1.34
1978,12,0.5,202.8,64.4,2.41,-6.41,0.442,0.11,1.82
1979,1,0.0,94.4,78.0,1.38,-7.95,0.233,0.27,1.85
1979,2,0.8,80.3,89.8,2.89,-5.56,0.541,0.04,2.04
1979,3,21.6,40.7,135.8,6.37,-3.67,0.553,0.16,1.80
1979,4,64.1,115.7,173.5,10.95,-0.94,0.572,0.37,2.36
1979,5,108.8,56.2,245.4,18.32,5.21,0.792,0.71,2.01
1979,6,117.7,98.7,258.3,20.33,6.99,0.986,0.71,1.76
1979,7,111.9,174.0,226.6,21.31,9.48,1.215,0.65,1.86
1979,8,127.3,32.9,262.8,24.98,11.02,1.355,0.89,1.69
1979,9,86.5,76.6,196.6,20.94,7.36,1.154,0.60,1.55
1979,10,48.8,125.0,109.7,12.57,2.37,0.739,0.35,1.79
1979,11,18.5,89.2,81.0,8.05,-0.56,0.747,0.09,1.55
1979,12,0.7,129.9,56.2,2.61,-5.18,0.522,0.06,2.01
1980,1,0.0,78.3,70.9,-1.62,-10.58,0.192,0.22,1.77
1980,2,0.0,15.5,111.9,0.97,-7.84,0.263,0.24,1.42
1980,3,1.4,63.1,136.5,2.49,-5.93,0.400,0.16,2.25
1980,4,56.4,156.9,166.4,9.60,-1.36,0.571,0.31,2.47
1980,5,93.3,98.7,235.1,16.15,3.38,0.873,0.44,1.94
1980,6,122.9,87.6,280.0,20.41,7.06,1.004,0.70,1.91
1980,7,131.4,66.1,273.5,24.37,11.41,1.489,0.72,1.70
1980,8,115.7,107.9,234.4,21.76,8.99,1.145,0.74,1.79
1980,9,80.9,135.9,173.1,17.18,5.16,0.810,0.62,2.01
1980,10,55.7,93.9,131.0,13.13,1.42,0.547,0.55,1.71
1980,11,18.3,163.1,70.4,8.51,-0.02,0.779,0.08,1.73
1980,12,3.9,85.4,63.3,5.76,-4.22,0.664,0.02,1.87
1981,1,0.9,53.0,79.3,3.40,-5.42,0.535,0.06,1.57
1981,2,1.3,73.9,99.6,3.21,-4.63,0.592,0.01,2.42
1981,3,3.5,126.4,120.3,4.36,-4.81,0.665,0.00,2.33
1981,4,60.4,60.0,201.6,8.81,-2.58,0.514,0.31,2.37
1981,5,80.3,129.7,192.8,13.28,2.07,0.658,0.46,1.81
1981,6,105.7,105.7,247.3,19.86,7.85,1.137,0.56,1.75
1981,7,122.6,79.7,255.8,23.09,10.83,1.406,0.66,1.65
1981,8,99.2,139.3,194.8,21.67,9.88,1.261,0.65,1.60
1981,9,81.1,93.6,183.6,20.05,7.17,1.128,0.56,1.82
1981,10,54.6,47.6,137.7,16.54,4.03,0.849,0.50,1.48
1981,11,25.8,191.7,73.0,6.42,-1.69,0.475,0.28,1.75
1981,12,7.2,66.3,63.1,6.34,-2.37,0.704,0.03,1.98
1982,1,0.0,123.6,76.1,0.88,-8.97,0.266,0.22,1.73
1982,2,0.0,69.5,106.2,-1.71,-9.86,0.211,0.20,1.85
1982,3,0.0,81.2,138.4,1.63,-6.89,0.337,0.19,2.03
1982,4,58.9,134.5,177.6,12.26,0.37,0.718,0.31,2.17
1982,5,86.4,90.8,207.2,15.68,4.38,0.883,0.43,1.69
1982,6,112.9,106.0,261.1,18.77,6.06,0.956,0.60,1.89
1982,7,98.1,215.1,201.1,19.87,8.89,1.173,0.56,1.68
1982,8,113.6,107.6,242.7,21.40,8.35,1.113,0.72,1.78
1982,9,76.1,75.3,169.5,19.09,7.04,1.062,0.55,1.76
1982,10,59.2,74.1,133.2,13.03,1.52,0.544,0.55,1.90
1982,11,11.7,61.1,86.6,5.04,-3.31,0.321,0.36,1.29
1982,12,0.0,61.6,71.5,2.44,-8.11,0.234,0.30,1.68
1983,1,0.0,131.7,66.9,-0.98,-10.22,0.152,0.27,2.21
1983,2,0.0,35.4,108.8,3.14,-7.28,0.442,0.12,1.87
1983,3,1.8,128.7,145.7,3.48,-7.00,0.292,0.28,2.44
1983,4,68.0,63.0,193.5,12.97,0.08,0.635,0.42,1.92
1983,5,89.9,112.0,218.0,16.73,4.86,0.985,0.40,1.88
1983,6,109.2,129.8,250.8,18.99,6.53,1.006,0.58,1.65
1983,7,114.3,137.6,238.9,23.02,10.13,1.379,0.65,1.44
1983,8,98.6,131.9,196.3,20.32,9.00,1.158,0.61,1.76
1983,9,80.0,91.3,173.4,18.61,5.46,0.876,0.65,1.77
1983,10,54.3,112.8,132.6,13.53,0.85,0.607,0.50,1.65
1983,11,19.7,112.6,73.5,6.27,-1.89,0.555,0.19,1.78
1983,12,0.8,97.9,69.0,3.21,-6.98,0.332,0.24,2.08
1984,1,0.7,22.3,73.9,3.73,-5.16,0.580,0.03,1.52
1984,2,0.0,42.3,111.6,-1.03,-8.63,0.180,0.26,1.70
1984,3,3.2,71.3,128.1,3.88,-4.85,0.524,0.09,1.98
1984,4,51.6,111.1,158.0,9.67,-0.87,0.649,0.24,2.14
1984,5,89.4,85.2,213.5,15.67,3.75,0.799,0.49,1.87
1984,6,111.0,102.8,255.5,18.88,6.25,0.962,0.61,1.83
1984,7,108.7,128.1,227.2,22.01,10.27,1.340,0.61,1.50
1984,8,95.6,132.0,188.5,19.13,8.40,1.062,0.60,1.88
1984,9,82.1,41.7,197.8,20.97,7.30,1.198,0.56,1.63
1984,10,58.9,68.0,134.1,14.38,1.57,0.567,0.60,1.59
1984,11,20.1,129.4,78.4,6.26,-1.38,0.563,0.19,1.38
1984,12,0.0,53.8,68.6,-0.81,-8.28,0.095,0.36,1.91
1985,1,0.0,49.7,70.6,1.47,-8.07,0.357,0.15,1.40
1985,2,0.0,142.8,86.7,-2.70,-9.39,0.137,0.27,2.65
1985,3,0.0,37.1,158.6,-0.10,-9.04,0.210,0.25,1.81
1985,4,59.2,100.0,185.7,11.19,-0.67,0.650,0.31,2.47
1985,5,95.0,91.2,225.8,17.78,5.22,0.935,0.53,1.61
1985,6,106.4,131.7,241.6,19.11,7.16,1.102,0.52,1.95
1985,7,113.5,79.8,234.4,19.57,7.97,0.985,0.69,1.79
1985,8,133.2,78.1,280.0,23.96,10.06,1.160,0.95,1.95
1985,9,77.9,102.0,155.8,18.06,5.91,0.924,0.58,2.05
1985,10,49.2,130.8,116.7,11.18,1.26,0.638,0.36,2.05
1985,11,20.1,61.4,78.8,8.11,-1.03,0.648,0.18,1.22
1985,12,0.0,83.2,62.9,1.75,-7.20,0.319,0.21,1.82
1986,1,0.0,78.0,74.8,2.95,-6.98,0.425,0.14,1.64
1986,2,0.0,86.3,89.8,0.16,-8.25,0.243,0.23,1.97
1986,3,0.0,25.9,167.3,2.27,-6.71,0.360,0.19,1.83
1986,4,74.3,75.8,208.8,13.63,0.20,0.626,0.47,2.18
1986,5,77.5,147.4,179.6,12.54,2.86,0.712,0.39,1.97
1986,6,106.1,126.4,241.9,19.66,7.34,0.994,0.67,1.59
1986,7,125.1,55.8,265.2,23.18,10.21,1.357,0.69,1.43
1986,8,125.6,77.0,256.8,24.77,11.57,1.381,0.87,1.61
1986,9,84.7,82.7,181.5,21.44,7.98,1.195,0.62,1.70
1986,10,56.0,54.1,133.5,13.19,1.73,0.612,0.50,1.61
1986,11,8.6,74.0,70.1,3.71,-2.38,0.421,0.24,1.36
1986,12,0.0,124.4,58.6,2.11,-6.48,0.319,0.23,2.44
1987,1,0.0,230.4,56.2,1.05,-6.82,0.534,0.00,1.90
1987,2,0.6,84.4,94.0,2.58,-6.50,0.480,0.08,1.81
1987,3,0.0,73.4,140.8,0.63,-7.81,0.217,0.27,2.13
1987,4,56.0,137.4,191.5,8.21,-3.58,0.379,0.40,2.59
1987,5,95.5,72.7,238.3,16.77,3.77,0.832,0.53,1.74
1987,6,103.7,147.4,238.6,19.26,8.16,1.157,0.51,1.77
1987,7,124.5,85.4,266.1,22.77,10.17,1.393,0.62,1.62
1987,8,106.1,140.5,216.9,20.89,9.10,1.205,0.61,2.00
1987,9,93.6,33.2,206.2,18.76,3.94,0.700,0.79,2.00
1987,10,61.0,82.6,124.0,10.67,1.78,0.403,0.59,2.18
1987,11,20.4,85.3,85.8,6.21,-2.08,0.496,0.24,1.76
1987,12,0.0,178.8,49.8,1.75,-6.75,0.451,0.08,2.02
1988,1,0.0,109.4,66.8,-0.60,-8.86,0.278,0.17,1.47
1988,2,0.0,62.1,111.3,0.21,-8.43,0.286,0.19,1.43
1988,3,3.0,91.4,138.5,3.73,-5.16,0.463,0.15,2.08
1988,4,64.9,81.1,199.2,11.12,-0.68,0.625,0.33,2.20
1988,5,90.3,122.5,221.4,14.24,2.67,0.721,0.46,1.93
1988,6,100.3,163.9,236.1,19.27,7.57,1.168,0.48,1.80
1988,7,117.0,166.6,251.7,22.53,10.39,1.479,0.52,1.66
1988,8,113.0,158.4,235.9,21.73,9.60,1.253,0.65,1.90
1988,9,84.3,76.8,182.2,18.28,5.42,0.872,0.63,2.08
1988,10,48.6,121.4,122.3,13.22,3.10,0.788,0.36,1.87
1988,11,8.3,131.5,69.9,4.41,-3.70,0.309,0.34,1.64
1988,12,0.5,131.5,53.1,2.37,-5.44,0.500,0.07,2.33
1989,1,0.0,158.5,72.6,-1.30,-9.42,0.152,0.28,2.52
1989,2,0.0,65.4,117.0,1.34,-8.46,0.180,0.32,1.88
1989,3,15.4,68.5,137.1,6.15,-3.58,0.700,0.01,1.94
1989,4,72.1,62.8,218.0,14.34,0.69,0.837,0.31,2.22
1989,5,101.4,94.9,244.9,15.95,3.15,0.807,0.49,2.14
1989,6,105.1,112.7,246.6,19.94,7.54,1.207,0.48,1.67
1989,7,109.6,112.7,236.9,21.84,10.93,1.521,0.45,1.61
1989,8,116.2,95.7,245.9,23.91,10.46,1.505,0.62,1.66
1989,9,80.3,90.6,180.0,19.28,6.21,1.074,0.52,1.79
1989,10,49.6,119.3,126.0,13.40,2.35,0.749,0.39,1.58
1989,11,21.7,169.1,78.0,6.65,-1.56,0.582,0.18,1.97
1989,12,0.0,111.1,60.5,2.35,-7.00,0.314,0.23,2.09
1990,1,0.0,98.5,67.4,-1.06,-9.25,0.333,0.10,1.80
1990,2,0.0,68.9,109.4,2.05,-6.48,0.460,0.08,1.69
1990,3,2.0,65.6,151.6,4.81,-7.04,0.529,0.08,2.30
1990,4,56.8,122.9,175.3,10.64,-0.97,0.648,0.28,2.00
1990,5,91.9,80.6,230.6,14.77,3.33,0.796,0.44,2.03
1990,6,117.3,104.8,268.1,19.79,7.02,1.024,0.64,2.18
1990,7,117.5,85.1,252.8,22.68,10.80,1.498,0.53,1.54
1990,8,105.4,68.8,214.4,21.62,9.37,1.214,0.67,1.59
1990,9,80.8,101.5,178.1,20.38,6.28,1.095,0.58,1.83
1990,10,54.6,80.8,129.7,14.09,1.55,0.667,0.48,1.66
1990,11,19.6,82.4,88.0,9.36,-1.00,0.762,0.11,1.16
1990,12,0.7,78.2,62.8,3.11,-5.59,0.540,0.05,1.68
1991,1,0.0,115.9,65.1,0.34,-8.30,0.328,0.15,1.77
1991,2,0.0,69.3,105.1,0.92,-7.96,0.201,0.30,1.70
1991,3,1.8,48.6,132.4,2.90,-4.98,0.548,0.04,1.92
1991,4,60.5,68.0,196.1,11.40,0.01,0.727,0.26,2.10
1991,5,94.4,91.2,227.8,14.84,2.46,0.733,0.48,2.18
1991,6,111.9,87.3,277.3,19.50,7.26,1.217,0.43,1.66
1991,7,122.0,104.9,275.3,22.67,9.84,1.611,0.38,1.58
1991,8,102.0,82.3,210.5,22.44,10.92,1.466,0.55,1.76
1991,9,84.7,69.6,190.4,19.58,6.24,0.996,0.62,1.72
1991,10,50.7,61.9,142.3,15.70,3.48,0.930,0.36,1.51
1991,11,19.6,48.1,88.6,6.52,-1.30,0.616,0.15,1.01
1991,12,0.0,121.2,61.3,0.35,-7.14,0.247,0.25,1.99
1992,1,0.0,139.8,68.3,-2.39,-10.89,0.145,0.25,2.41
1992,2,0.0,107.5,93.6,-2.38,-9.65,0.137,0.27,2.20
1992,3,0.0,50.7,154.7,1.30,-7.17,0.369,0.15,2.04
1992,4,66.5,101.9,201.1,9.30,-2.48,0.417,0.43,2.39
1992,5,93.1,82.6,241.4,13.77,2.51,0.703,0.45,1.96
1992,6,99.6,149.1,247.5,17.87,6.61,1.119,0.40,1.77
1992,7,116.2,150.3,257.8,20.51,8.81,1.244,0.53,1.82
1992,8,119.4,90.2,260.2,21.96,9.30,1.244,0.67,1.97
1992,9,72.0,100.1,173.6,17.03,5.71,1.041,0.39,1.68
1992,10,51.5,142.0,121.2,13.68,1.85,0.730,0.41,2.04
1992,11,13.9,182.1,78.2,5.69,-3.34,0.465,0.23,1.79
1992,12,0.0,170.5,57.4,-0.86,-7.89,0.260,0.20,2.00
1993,1,0.0,184.0,65.9,-1.50,-10.11,0.235,0.18,2.53
1993,2,0.0,72.4,120.7,-1.61,-10.29,0.148,0.27,1.80
1993,3,0.0,49.5,164.8,3.32,-7.32,0.407,0.16,2.27
1993,4,55.4,131.1,182.0,8.64,-2.14,0.543,0.28,2.56
1993,5,84.7,113.2,220.9,14.23,3.67,0.852,0.36,2.20
1993,6,112.3,133.6,267.6,18.61,6.53,1.001,0.56,1.88
1993,7,121.1,71.4,262.7,21.07,9.06,1.208,0.62,1.82
1993,8,110.2,82.3,234.6,22.16,9.45,1.299,0.63,1.74
1993,9,89.1,92.3,194.7,19.28,5.65,0.866,0.71,1.96
1993,10,65.9,49.6,147.7,14.34,0.41,0.407,0.73,1.82
1993,11,11.0,138.7,82.9,4.18,-3.07,0.089,0.57,1.28
1993,12,0.0,84.1,65.8,1.67,-7.49,0.234,0.29,1.94
1994,1,0.0,90.4,72.0,2.51,-7.02,0.626,0.00,1.52
1994,2,0.0,57.9,106.8,-1.44,-10.36,0.074,0.34,1.70
1994,3,2.6,78.1,133.2,3.80,-5.73,0.383,0.22,2.12
1994,4,70.8,69.7,199.8,13.83,1.24,0.708,0.42,2.09
1994,5,95.2,80.3,235.3,15.58,3.71,0.861,0.43,1.77
1994,6,113.1,64.8,254.1,18.54,6.48,0.882,0.67,1.98
1994,7,126.5,41.8,258.2,22.03,9.25,1.042,0.87,1.75
1994,8,106.3,98.1,214.8,21.46,9.15,1.128,0.74,1.65
1994,9,88.9,39.2,213.2,21.33,7.55,1.243,0.55,1.94
1994,10,51.5,66.0,132.0,14.92,3.54,0.893,0.35,1.76
1994,11,18.5,100.8,69.4,5.52,-1.85,0.518,0.20,1.53
1994,12,0.0,108.1,60.1,-2.29,-9.51,0.147,0.26,1.92
1995,1,0.0,51.4,67.3,1.28,-7.53,0.562,0.00,1.56
1995,2,0.9,46.1,109.7,3.83,-6.20,0.744,0.00,1.59
1995,3,5.9,93.9,134.3,5.38,-5.08,0.643,0.02,2.28
1995,4,59.4,133.9,184.2,10.86,-0.77,0.681,0.26,2.50
1995,5,107.5,55.9,258.1,17.40,4.84,0.838,0.59,2.01
1995,6,115.3,132.2,257.2,20.75,8.32,1.147,0.63,1.83
1995,7,112.7,147.8,226.1,21.75,9.98,1.263,0.66,1.79
1995,8,111.6,74.7,221.5,23.13,10.47,1.291,0.77,1.84
1995,9,74.1,129.6,167.2,19.53,6.61,1.193,0.43,1.71
1995,10,50.7,165.5,114.6,12.16,1.81,0.679,0.38,1.98
1995,11,20.8,152.2,83.0,7.27,-2.05,0.602,0.17,1.88
1995,12,0.0,73.8,70.3,1.81,-7.35,0.182,0.34,2.30
1996,1,0.0,30.2,75.2,-0.24,-7.37,0.338,0.14,1.43
1996,2,0.0,78.3,107.6,2.00,-7.29,0.422,0.11,1.83
1996,3,1.2,44.0,124.3,1.49,-5.39,0.405,0.14,2.19
1996,4,58.4,65.9,180.2,8.52,-2.20,0.467,0.35,2.39
1996,5,103.2,63.4,253.3,18.06,5.21,0.921,0.56,1.86
1996,6,108.3,162.3,234.2,18.09,6.44,0.909,0.62,2.25
1996,7,125.3,90.6,258.5,23.49,10.88,1.316,0.79,1.72
1996,8,112.1,111.2,231.3,22.37,10.38,1.379,0.61,2.01
1996,9,82.1,81.8,170.5,18.64,5.85,0.907,0.64,2.00
1996,10,48.5,140.9,117.2,13.08,2.55,0.739,0.38,1.67
1996,11,23.7,24.6,101.9,8.22,-2.52,0.517,0.28,1.31
1996,12,4.6,159.9,53.2,5.49,-2.91,0.785,0.00,2.19
1997,1,0.7,111.2,67.7,2.41,-6.08,0.416,0.14,2.10
1997,2,0.0,69.1,104.7,0.79,-8.62,0.248,0.24,1.93
1997,3,0.0,81.2,150.3,0.63,-9.58,0.287,0.18,1.87
1997,4,65.0,117.2,192.1,9.93,-1.88,0.477,0.40,2.54
1997,5,102.9,85.7,252.9,17.78,4.81,0.894,0.56,1.72
1997,6,109.1,87.2,258.3,20.04,7.67,1.277,0.43,1.76
1997,7,107.5,153.9,238.5,21.17,9.57,1.493,0.37,1.49
1997,8,106.0,107.9,225.3,22.39,11.26,1.489,0.54,1.90
1997,9,77.5,136.7,167.5,16.09,3.95,0.770,0.55,1.82
1997,10,51.1,110.3,120.9,14.74,3.90,0.762,0.48,1.80
1997,11,22.1,30.8,102.9,8.13,-3.07,0.544,0.24,1.16
1997,12,1.3,119.0,53.5,3.67,-5.86,0.385,0.21,1.88
1998,1,0.0,94.4,71.3,-0.17,-8.68,0.298,0.16,1.61
1998,2,0.0,93.5,105.8,-0.38,-10.47,0.222,0.21,2.19
1998,3,2.2,103.4,133.4,3.39,-5.85,0.350,0.24,2.25
1998,4,69.7,82.1,203.4,13.25,0.64,0.711,0.37,2.29
1998,5,89.7,122.2,211.5,16.01,5.12,0.906,0.45,1.89
1998,6,111.3,108.3,250.1,21.80,9.86,1.370,0.55,1.84
1998,7,133.1,73.9,282.5,23.37,10.26,1.472,0.60,1.76
1998,8,132.0,43.1,270.4,24.55,10.96,1.333,0.87,1.89
1998,9,88.9,52.7,181.6,19.81,6.42,0.893,0.75,1.91
1998,10,59.4,55.4,145.3,15.50,3.03,0.679,0.59,1.70
1998,11,32.8,134.0,76.0,9.25,0.70,0.492,0.42,1.61
1998,12,9.6,132.6,60.2,4.95,-3.65,0.336,0.33,1.90
1999,1,0.6,17.7,86.7,3.99,-6.14,0.592,0.01,1.29
1999,2,3.3,75.4,108.8,5.05,-5.01,0.595,0.06,2.33
1999,3,6.7,63.3,130.4,5.28,-5.19,0.525,0.13,1.89
1999,4,63.0,81.9,199.8,11.18,-0.75,0.681,0.28,2.29
1999,5,102.5,113.5,238.8,15.40,3.37,0.668,0.60,2.20
1999,6,107.9,111.9,256.1,20.25,8.13,1.284,0.45,2.06
1999,7,134.6,86.9,288.0,23.17,10.56,1.396,0.67,1.75
1999,8,120.3,116.7,239.1,24.76,11.91,1.406,0.86,1.68
1999,9,82.8,88.1,178.9,19.09,5.93,0.962,0.61,1.65
1999,10,54.9,137.8,125.2,14.42,2.98,0.725,0.48,1.94
1999,11,26.9,118.1,77.1,6.49,-2.48,0.339,0.40,1.70
1999,12,2.1,39.9,73.6,4.77,-5.46,0.478,0.16,2.01
2000,1,0.0,119.8,72.2,0.04,-9.00,0.253,0.21,1.45
2000,2,0.0,71.9,107.1,1.27,-9.37,0.248,0.24,1.75
2000,3,0.0,90.0,152.7,2.46,-8.62,0.243,0.28,2.16
2000,4,71.5,85.6,200.0,14.51,0.98,0.709,0.45,2.25
2000,5,103.9,114.8,239.5,15.78,3.01,0.691,0.59,2.05
2000,6,123.0,93.0,273.2,20.17,7.63,0.973,0.74,2.19
2000,7,149.1,29.3,307.7,25.18,11.84,1.375,0.93,1.75
2000,8,121.6,111.4,235.8,23.75,11.24,1.281,0.86,1.84
2000,9,83.2,115.6,181.2,20.26,7.23,1.064,0.64,1.61
2000,10,51.3,88.3,116.1,12.48,2.43,0.659,0.43,1.65
2000,11,25.3,17.7,102.2,7.82,-2.50,0.374,0.41,1.18
2000,12,1.2,73.1,60.4,3.51,-5.08,0.496,0.11,1.73
2001,1,0.0,43.6,87.6,1.48,-8.43,0.509,0.00,1.31
2001,2,2.1,108.5,97.6,4.65,-5.71,0.492,0.14,1.94
2001,3,36.0,83.2,130.4,9.14,-2.10,0.701,0.14,2.29
2001,4,64.9,135.4,187.9,12.41,0.23,0.742,0.29,2.21
2001,5,84.4,137.2,203.8,14.72,3.23,0.830,0.40,1.98
2001,6,125.7,102.9,282.0,20.82,7.97,1.010,0.76,2.06
2001,7,136.8,59.4,283.8,23.64,11.16,1.357,0.77,1.84
2001,8,125.4,89.8,253.1,24.24,11.42,1.412,0.79,1.97
2001,9,89.6,68.2,193.7,20.90,7.34,1.074,0.68,1.86
2001,10,60.1,91.0,125.7,13.86,1.85,0.609,0.54,2.06
2001,11,20.2,113.4,85.3,6.87,-3.37,0.465,0.27,1.75
2001,12,2.5,163.4,59.9,3.94,-5.22,0.336,0.28,2.29
2002,1,0.0,106.1,74.7,-0.18,-11.10,0.272,0.16,1.62
2002,2,1.0,76.9,110.2,4.46,-6.14,0.668,0.00,2.16
2002,3,19.2,140.3,125.2,6.30,-3.72,0.585,0.13,2.30
2002,4,56.1,105.8,168.9,8.96,-1.94,0.543,0.30,2.09
2002,5,96.9,91.2,247.0,15.10,2.53,0.727,0.50,1.80
2002,6,102.1,195.9,231.4,19.05,7.55,1.075,0.55,1.98
2002,7,126.3,108.7,276.9,23.25,10.48,1.547,0.52,1.62
2002,8,109.2,162.7,229.6,22.09,9.73,1.344,0.59,1.67
2002,9,81.7,100.9,191.7,21.25,7.31,1.262,0.52,1.57
2002,10,53.7,138.2,129.0,15.79,3.86,0.889,0.41,1.85
2002,11,23.7,29.2,98.3,9.27,-1.64,0.662,0.20,1.28
2002,12,0.0,117.4,62.6,-2.08,-11.28,0.026,0.37,2.28
2003,1,0.0,70.8,75.1,2.35,-6.54,0.533,0.02,1.59
2003,2,0.0,84.8,92.4,1.26,-7.26,0.137,0.38,1.73
2003,3,0.0,92.7,139.4,0.56,-8.92,0.259,0.22,1.89
2003,4,63.6,92.0,167.4,9.14,-1.99,0.370,0.48,2.41
2003,5,97.6,62.2,254.7,17.44,4.36,1.029,0.39,1.86
2003,6,129.2,59.2,301.6,19.25,6.66,0.930,0.68,2.09
2003,7,111.3,150.6,231.7,22.36,9.56,1.321,0.63,1.49
2003,8,111.3,126.6,237.6,23.31,10.94,1.510,0.58,1.56
2003,9,77.8,96.2,173.0,18.68,6.34,1.045,0.51,1.73
2003,10,52.6,178.7,112.4,15.94,4.26,0.844,0.48,1.88
2003,11,23.1,89.0,79.8,5.97,-1.45,0.500,0.24,1.60
2003,12,0.8,110.1,67.5,3.06,-6.46,0.371,0.20,2.09
2004,1,0.0,82.8,83.0,2.03,-7.72,0.489,0.04,1.50
2004,2,0.6,152.8,94.2,2.93,-6.78,0.529,0.03,2.25
2004,3,11.3,99.4,146.6,6.12,-4.48,0.704,0.00,2.25
2004,4,67.6,130.8,209.0,10.40,-2.57,0.543,0.34,2.34
2004,5,88.0,97.9,221.7,14.84,3.57,0.816,0.43,1.89
2004,6,111.0,150.7,263.1,19.91,7.13,1.159,0.51,1.83
2004,7,134.4,85.7,299.5,21.73,8.96,1.237,0.64,1.57
2004,8,115.5,113.9,246.5,24.01,10.65,1.543,0.60,1.81
2004,9,84.7,88.2,200.1,20.05,6.04,1.150,0.50,1.75
2004,10,54.9,93.8,133.6,15.05,2.92,0.790,0.45,1.91
2004,11,24.0,145.9,84.4,7.93,-2.00,0.581,0.22,1.59
2004,12,0.0,93.1,67.0,1.31,-8.90,0.255,0.24,2.08
2005,1,0.0,92.5,77.4,1.70,-8.55,0.561,0.00,1.59
2005,2,0.0,57.3,120.2,0.53,-9.27,0.232,0.24,1.90
2005,3,1.8,149.7,131.9,3.55,-6.28,0.408,0.18,2.49
2005,4,65.2,113.2,204.9,11.75,-0.74,0.671,0.31,2.26
2005,5,91.4,103.5,237.2,16.18,4.17,0.996,0.34,1.96
2005,6,107.4,128.0,248.4,18.85,6.64,1.044,0.54,1.90
2005,7,134.5,69.0,292.5,23.82,11.11,1.503,0.64,1.61
2005,8,120.2,105.0,252.0,23.67,11.34,1.497,0.64,1.77
2005,9,79.5,114.5,184.4,19.67,7.54,1.195,0.48,1.58
2005,10,45.6,201.1,107.3,13.30,2.07,0.837,0.29,1.86
2005,11,15.6,79.6,83.6,7.53,-1.40,0.782,0.02,1.33
2005,12,1.3,91.9,62.9,4.55,-4.82,0.759,0.00,1.96
2006,1,0.0,121.8,66.9,-1.97,-11.14,0.152,0.25,1.96
2006,2,0.0,63.4,102.6,1.47,-8.23,0.248,0.26,1.91
2006,3,12.7,113.0,148.8,5.95,-4.29,0.626,0.06,2.34
2006,4,58.6,122.8,183.4,11.02,0.02,0.717,0.25,1.94
2006,5,88.7,98.4,233.6,15.81,3.95,1.004,0.30,1.80
2006,6,118.2,47.3,266.2,22.48,9.39,1.343,0.61,1.84
2006,7,114.2,131.1,225.6,21.49,10.26,1.238,0.67,1.77
2006,8,132.7,27.0,274.8,26.42,12.66,1.647,0.82,1.76
2006,9,77.2,108.6,170.9,19.55,7.16,1.239,0.41,1.80
2006,10,40.4,101.4,118.3,14.24,4.80,1.109,0.14,1.40
2006,11,23.2,145.6,78.5,6.83,-2.32,0.519,0.24,1.78
2006,12,0.0,123.9,65.3,1.22,-8.02,0.259,0.24,2.07
2007,1,0.0,116.2,76.7,1.33,-9.16,0.616,0.00,1.96
2007,2,0.0,43.5,116.0,1.70,-8.50,0.332,0.18,1.80
2007,3,3.6,92.3,133.3,3.95,-5.08,0.443,0.17,2.06
2007,4,49.7,104.7,169.6,7.57,-2.64,0.467,0.31,2.17
2007,5,112.4,53.9,284.7,17.74,4.89,0.893,0.56,2.23
2007,6,115.0,144.9,256.3,20.74,8.11,1.141,0.63,1.81
2007,7,132.6,71.6,283.8,22.20,9.92,1.259,0.70,1.70
2007,8,118.5,132.2,246.6,23.83,11.31,1.482,0.67,1.95
2007,9,86.0,66.2,198.8,21.44,8.46,1.339,0.50,1.90
2007,10,48.9,132.9,131.3,16.29,4.30,1.078,0.27,1.66
2007,11,15.2,193.0,77.4,5.83,-2.72,0.578,0.14,1.65
2007,12,0.0,59.3,60.4,1.90,-7.29,0.280,0.25,2.11
2008,1,0.0,72.2,79.8,-4.05,-14.34,0.192,0.14,1.46
2008,2,0.0,62.0,114.7,-0.71,-10.80,0.222,0.20,2.04
2008,3,27.6,68.5,145.6,8.86,-2.56,0.782,0.04,2.69
2008,4,70.3,87.5,209.8,14.12,1.10,0.864,0.28,2.30
2008,5,86.1,124.9,208.9,14.74,2.81,0.838,0.38,1.97
2008,6,105.6,131.2,248.3,19.15,6.81,1.088,0.52,1.85
2008,7,122.5,80.0,265.1,22.93,10.67,1.492,0.56,1.72
2008,8,121.4,48.1,243.5,23.95,11.90,1.406,0.79,1.96
2008,9,79.0,144.0,165.6,19.98,7.14,1.138,0.54,1.89
2008,10,53.3,76.0,123.7,14.60,3.56,0.766,0.46,1.71
2008,11,24.9,57.5,94.6,8.68,-1.18,0.610,0.24,1.44
2008,12,0.0,76.5,66.8,1.19,-8.30,0.597,0.00,1.82
2009,1,0.0,117.5,70.1,0.03,-9.70,0.328,0.13,1.76
2009,2,3.7,97.8,98.9,4.42,-3.42,0.842,0.00,1.93
2009,3,6.9,115.4,139.2,5.05,-4.79,0.576,0.08,2.43
2009,4,70.6,85.2,208.0,8.92,-2.79,0.337,0.49,2.31
2009,5,88.4,135.9,230.2,15.77,3.31,0.907,0.38,1.87
2009,6,115.1,140.5,274.7,20.31,7.95,1.246,0.49,2.15
2009,7,125.0,136.7,266.9,21.95,10.39,1.336,0.62,1.80
2009,8,115.5,147.3,243.7,20.22,8.25,1.006,0.73,1.85
2009,9,67.4,218.1,158.7,17.71,6.05,1.115,0.37,1.83
2009,10,46.3,46.5,140.1,16.49,4.10,1.115,0.24,1.56
2009,11,20.1,118.4,75.5,8.17,-0.46,0.763,0.08,1.52
2009,12,4.5,84.3,62.6,5.55,-3.19,0.710,0.00,2.02
2010,1,0.9,154.9,58.7,2.82,-5.43,0.474,0.11,1.83
2010,2,3.3,79.9,101.3,4.16,-3.70,0.669,0.00,2.12
2010,3,21.6,86.9,128.2,6.34,-3.70,0.551,0.16,2.40
2010,4,61.9,132.2,184.1,10.46,-0.93,0.616,0.31,2.24
2010,5,98.0,96.1,254.8,16.04,4.52,0.930,0.41,1.87
2010,6,121.2,130.9,270.5,22.70,9.57,1.327,0.66,1.82
2010,7,140.1,78.7,289.4,24.55,11.99,1.522,0.73,1.66
2010,8,141.9,55.1,283.9,24.99,11.81,1.317,0.97,2.09
2010,9,85.1,76.6,189.2,21.49,8.60,1.317,0.53,1.85
2010,10,45.0,197.4,100.0,13.78,3.99,0.928,0.27,1.91
2010,11,24.9,21.6,109.0,10.19,-0.45,0.654,0.27,1.26
2010,12,7.3,16.5,74.3,7.45,-2.79,0.835,0.00,1.91
2011,1,0.0,78.8,69.3,2.12,-6.57,0.474,0.07,1.37
2011,2,0.0,128.7,91.2,0.32,-7.37,0.316,0.17,2.66
2011,3,2.8,69.8,136.1,3.99,-5.74,0.425,0.18,2.29
2011,4,56.1,130.1,165.1,8.77,-0.84,0.555,0.30,2.52
2011,5,76.1,113.8,210.3,14.59,4.22,1.044,0.20,1.70
2011,6,110.4,161.5,256.6,20.21,8.14,1.181,0.55,1.74
2011,7,132.8,129.9,274.3,24.54,11.83,1.516,0.73,1.73
2011,8,120.8,118.4,237.8,22.81,10.35,1.205,0.82,1.92
2011,9,82.8,104.3,184.8,18.94,6.75,0.974,0.62,1.71
2011,10,49.3,121.5,121.6,13.39,1.76,0.766,0.35,1.81
2011,11,1.2,109.7,80.6,2.67,-6.52,0.144,0.42,1.44
2011,12,0.0,27.4,69.0,1.88,-7.66,0.237,0.29,2.02
2012,1,0.0,90.0,66.0,0.81,-8.02,0.252,0.24,1.62
2012,2,0.0,62.5,112.5,-2.75,-13.39,0.074,0.29,1.89
2012,3,0.0,90.9,145.2,1.36,-8.57,0.194,0.30,2.96
2012,4,70.4,83.5,218.3,13.87,0.46,0.750,0.36,2.17
2012,5,94.9,114.5,227.2,18.05,5.93,1.066,0.44,1.65
2012,6,125.6,85.6,273.4,22.05,8.72,1.190,0.71,2.06
2012,7,131.4,120.4,273.7,22.99,10.28,1.356,0.68,1.84
2012,8,119.2,109.0,240.0,23.85,11.50,1.379,0.79,1.84
2012,9,83.8,49.1,202.2,20.50,7.74,1.300,0.44,1.60
2012,10,54.2,80.2,136.4,17.10,5.26,0.975,0.45,1.64
2012,11,21.6,64.0,82.5,9.56,0.50,0.820,0.10,1.31
2012,12,0.9,99.3,57.8,2.60,-6.08,0.380,0.18,2.02
2013,1,0.0,80.6,70.7,2.25,-7.09,0.483,0.06,1.68
2013,2,2.3,58.8,101.0,4.26,-4.54,1.049,0.00,1.72
2013,3,16.3,117.8,130.5,5.95,-3.88,0.583,0.12,2.59
2013,4,74.4,74.6,192.2,12.64,-0.14,0.559,0.48,2.48
2013,5,106.5,101.8,257.1,17.25,6.12,0.894,0.57,1.82
2013,6,125.1,132.3,267.0,21.49,8.66,1.025,0.82,1.89
2013,7,113.5,124.0,233.8,21.56,9.36,1.269,0.61,1.56
2013,8,121.5,73.0,253.1,22.62,9.95,1.202,0.79,1.90
2013,9,80.4,141.4,165.7,18.98,6.04,0.957,0.61,2.00
2013,10,55.6,117.8,139.0,12.80,0.67,0.555,0.51,1.64
2013,11,20.9,45.3,87.8,7.97,-1.37,0.628,0.19,1.36
2013,12,0.0,96.5,75.7,-0.42,-10.19,0.130,0.31,2.17
2014,1,0.0,131.8,68.4,1.44,-7.95,0.445,0.06,1.66
2014,2,1.2,46.2,119.9,3.86,-6.83,0.383,0.21,1.84
2014,3,35.3,77.5,146.7,7.58,-3.54,0.518,0.24,2.54
2014,4,73.7,89.1,197.9,12.79,-0.71,0.585,0.45,2.26
2014,5,95.5,91.9,228.8,17.95,5.59,1.032,0.46,1.93
2014,6,127.0,121.3,268.0,21.19,7.86,0.957,0.84,2.07
2014,7,138.2,99.6,282.5,23.77,10.91,1.299,0.83,1.87
2014,8,132.0,49.2,253.3,25.62,12.61,1.284,1.10,1.82
2014,9,87.2,174.3,173.4,20.08,7.58,0.992,0.71,1.92
2014,10,59.7,74.1,138.1,13.81,3.06,0.601,0.57,1.79
2014,11,26.3,96.8,86.4,6.72,-1.61,0.391,0.37,1.35
2014,12,5.0,70.6,58.2,4.67,-3.37,0.558,0.11,2.10
2015,1,0.0,70.2,74.5,2.07,-7.51,0.454,0.08,1.69
2015,2,1.0,54.2,112.4,4.06,-5.99,0.623,0.00,1.82
2015,3,3.5,79.6,130.8,4.30,-5.22,0.551,0.07,2.08
2015,4,74.1,126.3,189.3,10.79,-1.41,0.412,0.51,2.48
2015,5,95.2,81.6,229.0,16.18,3.81,0.795,0.53,1.81
2015,6,115.1,88.5,262.4,21.09,8.51,1.208,0.60,1.76
2015,7,138.3,45.7,276.3,24.06,10.86,1.212,0.94,1.75
2015,8,135.0,100.8,265.8,24.07,11.09,1.186,0.98,2.09
2015,9,94.7,34.9,209.4,22.71,9.18,1.221,0.75,1.76
2015,10,54.2,138.2,113.9,13.47,3.62,0.690,0.48,1.61
2015,11,30.8,129.1,88.5,8.57,-1.87,0.462,0.36,1.73
2015,12,0.0,111.3,56.3,2.61,-6.78,0.393,0.16,2.35
2016,1,0.0,168.1,54.5,1.00,-8.00,0.339,0.17,1.89
2016,2,8.3,52.3,103.5,5.50,-4.00,0.505,0.28,1.82
2016,3,24.7,102.9,128.4,6.60,-3.70,0.533,0.22,2.43
2016,4,79.8,97.8,216.9,14.10,0.10,0.656,0.48,2.42
2016,5,89.5,121.3,215.9,16.40,4.30,0.951,0.47,1.87
2016,6,113.4,162.8,262.1,20.20,8.00,1.194,0.63,2.13
2016,7,124.9,132.7,257.5,23.00,10.20,1.344,0.65,1.86
2016,8,129.6,84.6,252.8,25.50,12.10,1.345,0.97,1.88
2016,9,86.8,132.3,182.1,18.60,6.30,0.877,0.60,1.84
2016,10,54.8,98.0,129.7,13.20,2.10,0.627,0.43,1.78
2016,11,15.9,57.5,94.4,6.20,-3.70,0.412,0.33,1.72
2016,12,0.0,150.7,60.3,-0.30,-9.40,0.273,0.15,2.34
2017,1,0.0,84.0,75.9,-0.10,-9.30,0.300,0.19,1.80
2017,2,0.0,57.7,114.4,0.50,-9.80,0.305,0.20,2.13
2017,3,16.3,77.3,151.2,6.10,-4.40,0.490,0.24,2.22
2017,4,77.4,77.7,225.2,11.60,-1.70,0.525,0.44,2.52
2017,5,87.1,166.5,211.6,16.10,3.90,0.890,0.46,1.81
2017,6,120.2,135.2,276.1,20.70,7.50,1.126,0.54,1.99
2017,7,142.8,66.2,295.0,24.60,11.20,1.329,0.79,1.66
2017,8,141.5,85.1,275.2,25.70,12.20,1.288,0.99,2.02
2017,9,100.4,56.1,218.3,22.30,8.80,1.050,0.88,1.74
2017,10,59.1,151.7,122.9,14.10,2.40,0.669,0.47,2.02
2017,11,26.7,62.1,94.7,8.10,-1.40,0.500,0.30,1.44
2017,12,5.9,119.5,65.9,5.10,-4.20,0.463,0.26,2.23
2018,1,0.7,123.8,61.6,2.50,-5.80,0.408,0.17,1.30
2018,2,8.1,73.0,108.6,5.30,-3.90,0.502,0.23,1.50
2018,3,33.2,141.8,120.5,7.40,-2.90,0.565,0.16,2.40
2018,4,83.8,51.4,244.3,13.00,-0.40,0.556,0.48,2.00
2018,5,99.9,85.3,239.5,17.50,5.90,0.913,0.60,1.50
2018,6,128.7,78.8,290.6,21.40,8.40,1.014,0.74,1.40
2018,7,127.0,103.2,262.5,25.00,12.10,1.544,0.89,1.10
2018,8,119.5,100.0,234.0,23.20,11.00,1.228,0.82,1.70
2018,9,87.4,78.6,192.3,21.40,8.00,1.015,0.73,1.40
2018,10,57.8,96.8,141.7,16.50,4.10,0.789,0.66,1.50
2018,11,25.0,71.8,89.2,7.70,-1.20,0.499,0.28,1.00
2018,12,3.5,94.4,56.8,3.90,-3.70,0.467,0.17,1.60
2019,1,0.0,96.8,71.3,2.30,-6.60,0.347,0.20,1.80
2019,2,1.7,58.6,97.1,3.50,-5.50,0.376,0.22,1.90
2019,3,3.5,74.9,142.6,4.00,-5.40,0.430,0.18,2.20
2019,4,65.3,70.8,192.6,11.30,-0.70,0.604,0.36,2.20
2019,5,105.2,69.9,252.6,17.80,5.90,0.887,0.60,1.70
2019,6,126.3,70.5,269.1,23.20,11.00,1.254,0.83,1.70
2019,7,129.3,90.4,266.4,22.50,10.20,1.343,0.65,1.80
2019,8,126.9,55.6,255.3,24.50,12.10,1.332,0.92,1.80
2019,9,83.8,100.9,181.9,18.90,6.00,0.946,0.62,1.70
2019,10,59.6,61.6,139.4,17.70,6.30,0.780,0.71,1.60
2019,11,33.9,58.4,99.5,8.20,-0.60,0.403,0.44,1.50
2019,12,2.2,50.2,70.8,3.70,-5.00,0.353,0.26,2.00
2020,1,0.0,62.8,74.6,0.50,-8.60,0.377,0.10,1.70
2020,2,0.0,127.4,107.5,1.70,-7.40,0.349,0.17,2.00
2020,3,46.5,49.4,138.7,8.30,-1.40,0.479,0.35,2.20
2020,4,64.0,83.0,201.4,9.90,-2.00,0.603,0.27,2.40
2020,5,94.0,113.7,229.1,16.30,4.30,0.843,0.50,1.90
2020,6,130.9,59.1,290.9,21.80,9.60,1.109,0.80,1.90
2020,7,131.5,112.8,266.5,23.60,11.40,1.366,0.77,1.70
2020,8,115.3,74.7,259.0,20.90,8.50,1.312,0.48,1.80
2020,9,89.2,45.2,195.6,22.00,9.00,1.078,0.82,1.70
2020,10,66.4,34.9,144.5,17.80,6.40,0.754,0.75,1.80
2020,11,26.0,72.6,83.8,7.20,-1.80,0.528,0.25,1.50
2020,12,1.7,34.9,72.3,3.70,-5.20,0.392,0.22,1.90
2021,1,1.5,146.5,72.6,3.70,-5.40,0.416,0.19,1.90
2021,2,1.6,150.2,104.2,3.60,-5.50,0.440,0.16,1.90
2021,3,0.0,114.1,140.4,2.40,-7.30,0.431,0.11,2.30
2021,4,66.0,180.0,190.4,13.30,1.40,0.732,0.37,2.30
2021,5,105.5,75.4,232.8,18.30,6.30,0.878,0.65,2.00
2021,6,123.8,68.3,260.4,22.00,9.80,1.149,0.78,2.00
2021,7,129.7,79.5,261.8,23.20,11.00,1.315,0.77,1.70
2021,8,123.1,32.4,239.9,24.30,11.90,1.286,0.94,1.80
2021,9,75.7,170.4,181.0,17.20,4.20,1.021,0.38,1.70
2021,10,51.6,65.7,127.3,13.00,1.60,0.652,0.44,1.80
2021,11,26.3,83.9,83.7,9.70,0.70,0.619,0.31,1.50
2021,12,1.5,125.3,63.1,3.50,-5.40,0.403,0.20,2.10
2022,1,0.0,130.8,67.8,0.00,-9.20,0.400,0.06,1.80
2022,2,0.9,65.5,109.3,3.10,-6.40,0.436,0.14,1.90
2022,3,0.0,84.0,137.5,1.20,-8.70,0.391,0.10,2.40
2022,4,74.5,102.5,207.6,13.10,1.00,0.601,0.48,2.40
2022,5,91.8,90.9,230.9,14.40,2.40,0.786,0.40,1.90
2022,6,111.0,154.3,253.9,21.10,8.70,1.216,0.60,1.80
2022,7,129.4,90.3,275.3,22.40,9.90,1.322,0.65,1.70
2022,8,143.2,33.0,278.0,26.00,13.40,1.166,1.29,1.90
2022,9,92.0,101.1,183.5,20.80,7.90,0.987,0.78,1.90
2022,10,52.9,133.8,121.1,14.80,3.30,0.811,0.42,1.80
2022,11,27.5,40.1,88.3,8.70,-0.50,0.560,0.30,1.50
2022,12,2.0,33.8,68.3,3.90,-5.00,0.428,0.19,1.90
2023,1,0.0,39.8,93.1,1.10,-8.10,0.307,0.19,1.70
2023,2,0.0,156.0,91.3,0.70,-8.80,0.378,0.10,1.90
2023,3,32.1,123.6,122.6,8.30,-1.60,0.678,0.14,2.30
2023,4,72.3,123.6,201.9,12.40,0.30,0.656,0.38,2.40
2023,5,95.3,96.7,235.2,15.80,3.80,0.858,0.44,1.90
2023,6,111.5,145.0,254.8,20.80,8.40,1.213,0.57,1.80
2023,7,132.4,110.5,285.1,22.30,9.80,1.317,0.64,1.80
2023,8,131.9,53.8,264.5,25.80,13.20,1.452,0.98,1.80
2023,9,88.8,85.5,190.6,20.80,7.90,1.129,0.64,1.80
2023,10,55.3,97.2,124.9,14.80,3.30,0.758,0.47,1.80
2023,11,26.6,199.1,76.4,10.40,1.20,0.710,0.26,1.70
2023,12,15.0,148.9,61.5,6.20,-2.70,0.534,0.19,2.10
2024,1,0.0,138.0,69.6,1.70,-7.50,0.444,0.08,1.80
2024,2,3.1,101.4,109.9,4.50,-5.00,0.483,0.15,1.90
2024,3,13.4,70.7,139.6,5.60,-4.30,0.510,0.17,2.20
2024,4,87.0,20.6,223.1,16.20,4.10,0.724,0.61,2.30
2024,5,92.7,129.1,215.4,15.90,3.90,0.892,0.42,2.00
2024,6,116.5,112.1,260.9,22.00,9.60,1.289,0.64,1.80
2024,7,127.3,108.9,259.2,23.30,10.80,1.379,0.71,1.70
2024,8,124.5,54.8,254.5,24.00,11.40,1.373,0.80,1.80
2024,9,88.5,50.5,187.6,21.70,8.80,1.158,0.71,1.80
2024,10,51.8,135.5,119.8,13.10,1.60,0.716,0.38,1.70
2024,11,20.5,102.3,87.9,6.80,-2.40,0.521,0.23,1.50
2024,12,0.7,101.2,67.1,2.60,-6.30,0.392,0.17,2.00
